{
    "balanced_accuracy_score": 0.804006605929683,
    "precision_score": 0.9454601542419225,
    "recall_score": 0.9455337690631809,
    "f1_score": 0.9445470560154341
}