{
    "balanced_accuracy_score": 0.7441953523684294,
    "precision_score": 0.9414936391329506,
    "recall_score": 0.9455337690631809,
    "f1_score": 0.9429685355402699
}